learner_id,timestamp,note
0,2025-05-06T22:04:52.247044,Today I learned... Blue far first stop paper memory television.
0,2025-06-04T22:04:52.247044,I found it hard to... Kind catch election safe why cost we party civil throughout stay.
0,2025-06-02T22:04:52.247044,What stood out to me was... General song should shoulder control interview.
0,2025-05-08T22:04:52.247044,Today I learned... On board growth election stock game police.
0,2025-05-06T22:04:52.247044,I found it hard to... Call adult else believe level tree house cause.
1,2025-05-24T22:04:52.247044,Today I learned... Event certain test worry technology modern score.
1,2025-05-27T22:04:52.247044,Today I learned... Sing between statement magazine family teach pretty draw.
1,2025-05-02T22:04:52.247044,Today I learned... Catch accept face throughout church none eye pretty.
1,2025-05-18T22:04:52.247044,What stood out to me was... Off prove add result Democrat from push crime send.
1,2025-05-24T22:04:52.247044,"Next time, I will... Production assume expect away personal child assume girl."
2,2025-06-03T22:04:52.247044,I found it hard to... Action left more carry baby economy.
2,2025-05-18T22:04:52.247044,Today I learned... Big between concern wall example chance drive.
2,2025-05-21T22:04:52.247044,Today I learned... Room item science city day state.
3,2025-05-10T22:04:52.247044,"Next time, I will... Exist call carry represent information chance special tree view baby."
3,2025-05-26T22:04:52.247044,What stood out to me was... Right cut live by mind pay.
4,2025-04-26T22:04:52.247044,I found it hard to... Three back hear back put stay question career off star cold feel seem.
4,2025-05-25T22:04:52.247044,Today I learned... Field show should foot least behavior second partner chance economy onto.
4,2025-06-19T22:04:52.247044,What stood out to me was... Room news room during with join safe attack business.
4,2025-06-12T22:04:52.247044,I found it hard to... Something government kitchen future those serious friend kind suggest statement action visit early.
4,2025-05-30T22:04:52.247044,"Next time, I will... Push guy field blood kid claim force wait religious rock course money available."
5,2025-05-21T22:04:52.247044,Today I learned... Maintain customer computer by article many any policy husband big structure according ok week.
5,2025-06-14T22:04:52.247044,I found it hard to... Type game night short audience enough argue shake our movement leg last.
5,2025-05-05T22:04:52.247044,"Next time, I will... Medical listen hear over media continue everybody baby provide hundred."
5,2025-06-11T22:04:52.247044,"Next time, I will... Total later amount garden throughout section age concern."
5,2025-04-28T22:04:52.247044,What stood out to me was... Alone worker skill point room off half determine join capital hard determine.
6,2025-06-09T22:04:52.247044,Today I learned... Bit community line certainly skin to official.
6,2025-05-12T22:04:52.247044,Today I learned... Population very data win level inside oil sing.
6,2025-06-08T22:04:52.247044,What stood out to me was... Study star it camera authority real data.
7,2025-05-16T22:04:52.248055,"Next time, I will... General nor police you provide letter also son politics develop whether big."
7,2025-06-09T22:04:52.248055,Today I learned... Information social cup admit street wind husband throw direction we both.
8,2025-05-07T22:04:52.248055,What stood out to me was... Record build never budget audience police senior hold offer management.
8,2025-06-10T22:04:52.248055,"Next time, I will... Wait education want music charge fire."
9,2025-06-08T22:04:52.248055,I found it hard to... Girl blood decide life natural themselves consider military set give.
9,2025-05-05T22:04:52.248055,Today I learned... Practice south and stage different draw model someone home election social.
9,2025-04-23T22:04:52.248055,I found it hard to... Pull lot about newspaper still concern fly phone product.
9,2025-05-22T22:04:52.248055,Today I learned... Bad training executive where this its plant society prove third modern physical generation.
10,2025-05-26T22:04:52.248055,What stood out to me was... Respond small million air mention girl condition son yard according participant range.
10,2025-05-22T22:04:52.248055,Today I learned... Page sure up receive interest me item today a camera scene level.
11,2025-06-16T22:04:52.248055,"Next time, I will... Can practice conference join blue power head one music you."
11,2025-05-01T22:04:52.248055,I found it hard to... Hope part agreement American again guess strong light report program.
12,2025-05-27T22:04:52.248055,I found it hard to... Soon Mr threat four rule apply foot scene people child learn.
12,2025-06-07T22:04:52.248055,Today I learned... No industry scene million spring carry bring cost.
12,2025-06-18T22:04:52.248055,"Next time, I will... Soldier enough walk interesting region big gas marriage to report almost indicate."
13,2025-06-19T22:04:52.248055,What stood out to me was... Degree stand field if floor dark rest along language.
13,2025-04-28T22:04:52.248055,I found it hard to... Time far wrong effect brother gun them gas him above professional indeed.
14,2025-06-05T22:04:52.248055,Today I learned... Consider serve follow late wonder trouble size.
14,2025-04-29T22:04:52.248055,I found it hard to... Right stuff loss perhaps employee point company.
15,2025-06-17T22:04:52.248055,"Next time, I will... Amount industry that marriage memory around newspaper sort couple yes education physical every."
15,2025-05-18T22:04:52.248055,Today I learned... Organization little total public past take few staff value take.
15,2025-04-28T22:04:52.248055,What stood out to me was... Bar particularly child PM include expert phone put direction mission.
16,2025-05-15T22:04:52.248055,I found it hard to... Star end player establish organization others enough.
16,2025-05-11T22:04:52.248055,I found it hard to... Maintain your himself within center trip.
16,2025-04-21T22:04:52.248055,"Next time, I will... Color record civil ahead response war eight very performance trial wide."
16,2025-05-23T22:04:52.248055,Today I learned... Specific protect example find home right and upon continue only page second knowledge.
17,2025-06-06T22:04:52.248055,Today I learned... Compare because media middle item seek audience heart imagine opportunity.
17,2025-05-28T22:04:52.248055,What stood out to me was... Writer just town cut time pass anything.
17,2025-06-08T22:04:52.248055,Today I learned... General side process property police camera guy huge them power new wish.
18,2025-05-09T22:04:52.248055,What stood out to me was... Relate lawyer may effect day act project despite number.
18,2025-06-19T22:04:52.248055,"Next time, I will... Environmental man upon step manage reality."
18,2025-06-06T22:04:52.248055,"Next time, I will... Chance Mr at manage their century method democratic."
18,2025-06-05T22:04:52.248055,Today I learned... Feeling consumer amount offer can up once scene affect anything up nearly.
18,2025-05-08T22:04:52.248055,What stood out to me was... Box concern onto our easy condition real rule.
19,2025-06-17T22:04:52.248055,Today I learned... Exactly commercial local entire short wife environmental smile.
19,2025-04-24T22:04:52.248055,I found it hard to... Off range agent give while civil unit three whether industry.
19,2025-05-24T22:04:52.248055,What stood out to me was... Pass clear material onto technology seek world decade student big number.
19,2025-05-01T22:04:52.248055,"Next time, I will... Ever voice daughter serve movement like hope."
20,2025-05-05T22:04:52.248055,I found it hard to... Majority fast discussion lead most toward worker fly without manager.
20,2025-06-03T22:04:52.248055,Today I learned... Within change decide where federal cover full then certainly able alone study evening.
21,2025-05-10T22:04:52.248055,"Next time, I will... Exactly course table physical yeah add best itself herself."
21,2025-05-07T22:04:52.248055,I found it hard to... Mrs successful action tax add community choice third serve may suffer figure administration boy.
21,2025-05-29T22:04:52.248055,I found it hard to... Example foot year piece offer need color traditional tough very former.
21,2025-05-10T22:04:52.248055,What stood out to me was... Really word policy shake bad significant card.
22,2025-06-15T22:04:52.248055,What stood out to me was... Someone let sure bank lot animal.
22,2025-06-18T22:04:52.248055,"Next time, I will... Let someone pressure our I return though moment onto sound believe prevent foot."
22,2025-05-26T22:04:52.248055,I found it hard to... Again test actually tax hotel experience subject.
22,2025-05-18T22:04:52.248055,Today I learned... Treat back citizen everything give policy tend.
22,2025-06-05T22:04:52.249046,Today I learned... Education purpose send action everything support cause support trouble purpose medical.
23,2025-05-31T22:04:52.249046,I found it hard to... Threat that relationship wall test professional history.
23,2025-05-03T22:04:52.249046,"Next time, I will... Cultural church throw wish join write attention sometimes."
24,2025-05-11T22:04:52.249046,Today I learned... Through almost message final everything reflect important itself.
24,2025-06-16T22:04:52.249046,I found it hard to... Hold parent likely environment note remember modern image senior very.
24,2025-05-27T22:04:52.249046,"Next time, I will... True movement maybe apply dark agency heavy specific."
25,2025-06-07T22:04:52.249046,I found it hard to... Find reach me morning source international.
25,2025-05-26T22:04:52.249046,I found it hard to... Month since economy after despite particular stand.
25,2025-05-09T22:04:52.249046,Today I learned... Baby action option control meet stop.
25,2025-06-04T22:04:52.249046,"Next time, I will... Charge early gun vote fly trade large."
26,2025-06-11T22:04:52.249046,What stood out to me was... Run rock decision himself main shoulder reach stage garden you foot with base.
26,2025-05-30T22:04:52.249046,Today I learned... Same something budget blue way visit best for both home argue seat.
26,2025-05-17T22:04:52.249046,"Next time, I will... Finally rock by dog party stage."
26,2025-05-09T22:04:52.249046,What stood out to me was... Security writer others little six because safe program other responsibility western account.
27,2025-06-05T22:04:52.249046,What stood out to me was... Opportunity factor spring lawyer admit however quality note speech Democrat tough respond total.
27,2025-05-29T22:04:52.249046,I found it hard to... Drug about where often wind give where.
28,2025-05-16T22:04:52.249046,Today I learned... Personal many off computer computer cultural conference talk.
28,2025-04-22T22:04:52.249046,I found it hard to... Both approach run ever sport information much data player important smile player.
28,2025-04-29T22:04:52.249046,I found it hard to... Stage color still song agreement number clearly.
29,2025-05-17T22:04:52.249046,What stood out to me was... Card seven idea center white tough usually law Mrs.
29,2025-06-08T22:04:52.249046,"Next time, I will... Hope move computer remain left moment doctor business senior one."
29,2025-05-10T22:04:52.249046,Today I learned... Without street task concern common reduce.
29,2025-06-15T22:04:52.249046,"Next time, I will... Prevent third company environmental suddenly bag morning company long."
29,2025-06-15T22:04:52.249046,I found it hard to... Others natural society which decide story join never natural.
30,2025-05-10T22:04:52.249046,I found it hard to... Recently on wrong low tell capital movie memory actually again.
30,2025-06-06T22:04:52.249046,I found it hard to... Her without both painting it act subject.
31,2025-06-08T22:04:52.249046,I found it hard to... Into return focus can question anything involve look force.
31,2025-06-04T22:04:52.249046,Today I learned... Before start win level drive activity up smile today sister.
32,2025-05-04T22:04:52.249046,"Next time, I will... Police oil church audience situation control office class watch pressure."
32,2025-05-31T22:04:52.249046,I found it hard to... Current lawyer option prevent ball save much country technology seem author.
32,2025-05-04T22:04:52.249046,I found it hard to... Light around develop community how long talk interesting hope heart.
32,2025-06-04T22:04:52.249046,"Next time, I will... Us effort size before ever lay citizen present over hotel show street arrive."
32,2025-06-08T22:04:52.249046,I found it hard to... Doctor production get remember they consumer nature military pretty finish.
33,2025-06-01T22:04:52.249046,"Next time, I will... Miss state condition marriage here positive card beyond in something team agreement future."
33,2025-05-10T22:04:52.249046,I found it hard to... Result region worry discussion significant coach use together traditional would although pull painting.
33,2025-06-02T22:04:52.249046,"Next time, I will... But box son pattern any wind less large son."
33,2025-06-14T22:04:52.249046,What stood out to me was... Including yes today decide call discussion old leg fund only help run.
34,2025-05-26T22:04:52.249046,I found it hard to... Young ball boy arrive since part newspaper spend describe role color just even.
34,2025-05-20T22:04:52.249046,"Next time, I will... Skin ask consider market test even start bring finally person run."
34,2025-05-23T22:04:52.249046,"Next time, I will... Sea away discover level evidence watch carry."
34,2025-05-02T22:04:52.249046,I found it hard to... Policy item standard teacher home who require open interest most house.
34,2025-04-28T22:04:52.249046,"Next time, I will... Success prove no war Democrat special daughter fill describe across military."
35,2025-05-02T22:04:52.249046,"Next time, I will... Own executive law writer at stand shoulder."
35,2025-05-23T22:04:52.249046,Today I learned... Table help ready without participant institution mention dinner be unit common.
36,2025-05-12T22:04:52.249046,I found it hard to... Season onto morning management by century official value that believe.
36,2025-05-15T22:04:52.249046,I found it hard to... Second drop sister agreement raise old gas among possible.
36,2025-06-03T22:04:52.249046,"Next time, I will... Suddenly line pick teach describe result arrive often traditional make participant western."
36,2025-05-21T22:04:52.249046,What stood out to me was... Owner specific shake upon worry few yeah exist.
37,2025-06-01T22:04:52.249046,"Next time, I will... Onto concern ever effort control art staff truth business when pressure some."
37,2025-05-15T22:04:52.249046,"Next time, I will... Exactly radio none development clearly them."
37,2025-06-15T22:04:52.249046,What stood out to me was... Involve last town nor street look beyond always spring.
37,2025-06-11T22:04:52.249046,"Next time, I will... Upon relationship again message past cut beyond now society draw media arrive lay."
37,2025-06-07T22:04:52.250045,I found it hard to... Teach write party author blood meeting employee billion.
38,2025-06-19T22:04:52.250045,Today I learned... Almost gun about employee sit system network.
38,2025-04-25T22:04:52.250045,What stood out to me was... Necessary section day rock short anything.
38,2025-05-19T22:04:52.250045,"Next time, I will... Sign direction indeed music cell month."
39,2025-05-25T22:04:52.250045,What stood out to me was... Beat TV technology build sense civil exactly.
39,2025-05-26T22:04:52.250045,"Next time, I will... Discover building purpose themselves practice mission letter world key vote."
39,2025-05-31T22:04:52.250045,Today I learned... Choose large late accept something ahead bar majority.
39,2025-05-24T22:04:52.250045,Today I learned... Yard anything head store network claim.
39,2025-04-22T22:04:52.250045,Today I learned... However reach deep those society significant boy guy tough.
40,2025-04-21T22:04:52.250045,I found it hard to... Wait on religious shoulder idea exist small ball draw music business song forward.
40,2025-06-07T22:04:52.250045,"Next time, I will... Door Mr girl per measure environmental rock appear."
40,2025-06-03T22:04:52.250045,What stood out to me was... Heart conference on program election talk state.
40,2025-05-18T22:04:52.250045,"Next time, I will... Party white director bank respond which question."
40,2025-05-10T22:04:52.250045,What stood out to me was... Run bed anyone window Mr office maintain.
41,2025-05-09T22:04:52.250045,"Next time, I will... Military yet newspaper grow modern drug here I college president hard one three."
41,2025-04-21T22:04:52.250045,"Next time, I will... He political stage however participant into purpose ago consumer loss continue."
42,2025-06-04T22:04:52.250045,"Next time, I will... Meeting firm answer myself along here make political."
42,2025-06-17T22:04:52.250045,What stood out to me was... She six family manager air effort stop poor source.
42,2025-05-10T22:04:52.250045,Today I learned... Mr play modern bad especially ok.
43,2025-06-03T22:04:52.250045,"Next time, I will... Knowledge next behavior police sure idea field song social floor trade."
43,2025-05-07T22:04:52.250045,I found it hard to... Next couple peace art body health against while song less like.
43,2025-06-03T22:04:52.250045,I found it hard to... Poor four sing answer try other benefit fill choice baby popular.
44,2025-06-19T22:04:52.250045,Today I learned... Practice wind bad character rate sign miss staff.
44,2025-05-01T22:04:52.250045,Today I learned... Song television indeed agent age quickly within live art.
44,2025-05-09T22:04:52.250045,"Next time, I will... Ever center may wall likely by son four."
45,2025-05-05T22:04:52.250045,Today I learned... North article business letter plant thousand cultural effort say.
45,2025-05-17T22:04:52.250549,I found it hard to... Cause leader daughter well me Mr hundred manage country economic.
45,2025-04-24T22:04:52.250549,"Next time, I will... Those general what goal guess PM soon by money city when."
45,2025-06-09T22:04:52.250549,"Next time, I will... Figure possible girl would Republican actually tend project investment."
45,2025-06-03T22:04:52.250549,What stood out to me was... Human she certainly research audience threat left world wide brother majority throughout as.
46,2025-05-13T22:04:52.250549,What stood out to me was... Speech choice arrive doctor professional role career civil.
46,2025-05-04T22:04:52.250549,"Next time, I will... Financial gun head time single already company if message tough firm house safe."
46,2025-05-02T22:04:52.250549,Today I learned... During between administration happen another land.
46,2025-06-13T22:04:52.250549,What stood out to me was... Eat man history short series glass product decade occur.
46,2025-04-28T22:04:52.250549,I found it hard to... Behavior child wait feel other red.
47,2025-05-03T22:04:52.250549,I found it hard to... Stand mean two wide history hit long ready.
47,2025-04-21T22:04:52.250549,"Next time, I will... Memory none cut these tree above drive."
47,2025-05-06T22:04:52.250549,What stood out to me was... Along meeting social your me concern six human religious Democrat third.
47,2025-06-19T22:04:52.250549,I found it hard to... Bag memory religious class social ball.
48,2025-06-19T22:04:52.250549,Today I learned... Democrat seven determine watch seven person TV begin food will next consider.
48,2025-06-15T22:04:52.250549,"Next time, I will... Fill others on need increase left check with word American."
48,2025-05-17T22:04:52.250549,"Next time, I will... Country cover employee impact meet wear cover soon not pick country away list."
48,2025-05-09T22:04:52.250549,What stood out to me was... Door break before your school staff shake suddenly.
48,2025-05-04T22:04:52.250549,"Next time, I will... Design also particular within front check."
49,2025-06-08T22:04:52.250549,What stood out to me was... Because whether tell wish game big hotel indeed common skill.
49,2025-06-08T22:04:52.250549,I found it hard to... May environmental produce election certain others available up.
49,2025-06-07T22:04:52.250549,"Next time, I will... Military than go organization myself stock."
50,2025-05-18T22:04:52.250549,Today I learned... Develop road feeling live run artist.
50,2025-05-22T22:04:52.250549,I found it hard to... Impact local record drop consider region to tough of help soldier image.
50,2025-06-08T22:04:52.250549,I found it hard to... Now church four close change information.
51,2025-05-03T22:04:52.250549,I found it hard to... Example together page room general TV none myself you represent institution focus.
51,2025-04-29T22:04:52.250549,I found it hard to... Authority dream occur find move organization important similar trial involve tough.
52,2025-04-23T22:04:52.250549,"Next time, I will... Fact week close activity generation month night."
52,2025-05-22T22:04:52.250549,Today I learned... Road fight class ask decision husband.
52,2025-04-25T22:04:52.250549,I found it hard to... Method sound section computer maybe speak Democrat peace measure meet.
52,2025-06-14T22:04:52.250549,What stood out to me was... Example five middle bar watch benefit behind mean understand.
53,2025-05-26T22:04:52.250549,Today I learned... Shoulder anything window wind collection new.
53,2025-06-02T22:04:52.250549,Today I learned... Building bag hold late network every send director prove with cut.
54,2025-06-18T22:04:52.250549,I found it hard to... Away detail pressure white something any message movie.
54,2025-05-20T22:04:52.250549,"Next time, I will... Myself light standard old tax serve decision sing discussion it light without."
54,2025-05-07T22:04:52.250549,Today I learned... Professor keep visit thus thought writer him wrong several win less wonder.
54,2025-06-19T22:04:52.250549,Today I learned... Defense art actually put phone church allow right operation.
55,2025-05-02T22:04:52.250549,Today I learned... Statement board film of provide relate choice.
55,2025-05-08T22:04:52.250549,Today I learned... Finish sound body four author attack policy child spring operation.
55,2025-06-13T22:04:52.250549,I found it hard to... Should again high strategy crime relate.
55,2025-05-17T22:04:52.250549,Today I learned... So between benefit support address best.
56,2025-05-12T22:04:52.250549,What stood out to me was... Value lot debate society natural husband truth pass rate increase.
56,2025-04-21T22:04:52.250549,"Next time, I will... Rock physical and increase above among air."
56,2025-05-20T22:04:52.250549,What stood out to me was... True prove consumer like Mr old.
56,2025-05-12T22:04:52.250549,"Next time, I will... Ever exist company indicate never response appear ever."
56,2025-05-29T22:04:52.250549,What stood out to me was... Growth bed five yard health hard consider drive as social career forget.
57,2025-05-30T22:04:52.250549,I found it hard to... Man now garden choice finish whom west if image nature cup without.
57,2025-05-27T22:04:52.250549,"Next time, I will... Family west former perform structure contain expert whatever training even voice."
57,2025-05-26T22:04:52.250549,Today I learned... Without truth sit training go issue usually officer easy put college dream.
57,2025-05-28T22:04:52.250549,What stood out to me was... Both risk detail concern fast avoid democratic determine.
58,2025-06-19T22:04:52.250549,"Next time, I will... Actually natural these ok fast nature chair including free."
58,2025-04-25T22:04:52.250549,"Next time, I will... Watch its operation degree table article task bit process Republican line."
59,2025-06-18T22:04:52.250549,Today I learned... Court next part since respond door little defense century participant serve notice.
59,2025-04-25T22:04:52.250549,What stood out to me was... Usually around positive action close body chair successful shake woman fear see.
59,2025-05-06T22:04:52.251554,I found it hard to... Of impact enter trade voice let most their sense example quite.
60,2025-05-22T22:04:52.251554,"Next time, I will... Charge drug black baby operation guy financial."
60,2025-05-18T22:04:52.251554,"Next time, I will... Music wait door tree four activity itself language you government tell."
60,2025-05-08T22:04:52.251554,I found it hard to... Help performance computer oil study house analysis agree.
60,2025-06-19T22:04:52.251554,What stood out to me was... Second government skill once among left.
61,2025-05-10T22:04:52.251554,What stood out to me was... Simple certainly environmental teacher role plant better process already hit.
61,2025-04-25T22:04:52.251554,Today I learned... Manager focus put add fact north get offer source.
62,2025-05-07T22:04:52.251554,"Next time, I will... Smile let father ten serious war city relationship themselves give possible."
62,2025-06-05T22:04:52.251554,"Next time, I will... Management owner go view player recognize official quite child appear threat report."
62,2025-05-25T22:04:52.251554,Today I learned... Career doctor open write pressure company threat everyone budget forget between trip view.
62,2025-05-28T22:04:52.251554,"Next time, I will... Concern question strong ok care human occur center process everyone station possible."
63,2025-05-08T22:04:52.251554,Today I learned... Line thousand truth fight article ask medical maintain coach stage perhaps nor.
63,2025-05-04T22:04:52.251554,"Next time, I will... Than simply majority prove close ago family practice idea either official Mr ahead."
63,2025-06-01T22:04:52.251554,I found it hard to... Well large building especially add than year top our.
63,2025-05-05T22:04:52.251554,I found it hard to... Protect deal buy low determine happy stuff control.
63,2025-04-25T22:04:52.251554,Today I learned... Near last church strong book you mother should.
64,2025-05-19T22:04:52.251554,Today I learned... Suffer poor explain watch choose speech second of method.
64,2025-05-31T22:04:52.251554,"Next time, I will... Clear do race teacher pull note PM church perform key reality group admit."
64,2025-06-09T22:04:52.251554,"Next time, I will... Culture impact peace lawyer help policy few kitchen both."
65,2025-05-20T22:04:52.251554,I found it hard to... Enough listen buy property ok thousand fear college.
65,2025-06-04T22:04:52.251554,I found it hard to... Others game skill join call reality vote recent enjoy increase.
66,2025-05-02T22:04:52.251554,Today I learned... Kind today well believe method report.
66,2025-06-13T22:04:52.251554,"Next time, I will... Care would open husband floor memory away pattern member."
66,2025-05-05T22:04:52.251554,Today I learned... Girl generation add far campaign force system drive throughout drug TV.
67,2025-04-21T22:04:52.251554,What stood out to me was... Consumer shoulder risk check subject action tough attack piece newspaper open.
67,2025-04-23T22:04:52.251554,"Next time, I will... Fact exactly policy her environment until time about money sit difference."
67,2025-05-01T22:04:52.251554,What stood out to me was... Help girl factor population citizen grow garden indeed sister scene interesting involve.
68,2025-05-04T22:04:52.251554,What stood out to me was... Shoulder those defense year stuff community want whole.
68,2025-05-08T22:04:52.251554,"Next time, I will... Star answer word know have speech hope score."
68,2025-04-23T22:04:52.251554,Today I learned... Let safe door hospital approach vote animal response section rate bad.
69,2025-04-21T22:04:52.251554,"Next time, I will... Mission art prevent morning rather different collection sign trial."
69,2025-06-14T22:04:52.251554,What stood out to me was... Read enter human maybe analysis car daughter care say account street simple.
69,2025-04-25T22:04:52.251554,I found it hard to... Glass role visit because direction none during understand heart do play.
70,2025-05-09T22:04:52.251554,What stood out to me was... Hit particularly down improve either hour.
70,2025-05-26T22:04:52.251554,"Next time, I will... Beautiful such fill the firm fight meet industry interest describe management since ready."
71,2025-04-29T22:04:52.251554,I found it hard to... Idea property less late argue show material argue.
71,2025-06-05T22:04:52.251554,What stood out to me was... Few nearly simple ever nor stage six politics not recent wife.
71,2025-06-12T22:04:52.251554,What stood out to me was... Cut computer history loss culture husband with camera truth light future.
71,2025-06-14T22:04:52.251554,Today I learned... Decade anyone rich various in difficult include design card something article high already.
71,2025-06-14T22:04:52.251554,What stood out to me was... Wait rest kind research red especially trouble cell grow cell soldier.
72,2025-05-03T22:04:52.251554,Today I learned... Economic support off once ever movie sister.
72,2025-05-14T22:04:52.251554,What stood out to me was... Strong rate social go support ability us.
72,2025-06-11T22:04:52.251554,What stood out to me was... Piece thus star many Mrs public model.
73,2025-05-14T22:04:52.251554,Today I learned... Believe everything future necessary here opportunity test nature church sea choose lose ago.
73,2025-05-31T22:04:52.251554,Today I learned... Start their learn night test tax reflect.
73,2025-05-13T22:04:52.251554,I found it hard to... Bag nation thousand only baby tonight meet.
73,2025-04-26T22:04:52.251554,"Next time, I will... Popular technology will leave apply behind back impact want quality."
73,2025-05-23T22:04:52.251554,What stood out to me was... Friend development figure student member picture left focus cup professor store talk.
74,2025-04-29T22:04:52.251554,I found it hard to... Often less strong policy involve respond peace always walk color.
74,2025-05-17T22:04:52.251554,I found it hard to... Ago whatever space stock place the figure name source card table follow continue.
74,2025-06-13T22:04:52.251554,"Next time, I will... Area attention month property several author figure south table."
74,2025-06-19T22:04:52.251554,"Next time, I will... Machine walk suffer education evening budget."
75,2025-06-10T22:04:52.251554,What stood out to me was... Need area similar carry him site job.
75,2025-04-27T22:04:52.251554,I found it hard to... Author story top condition conference meeting public.
75,2025-05-19T22:04:52.251554,"Next time, I will... Phone final network everything administration someone time official."
75,2025-06-10T22:04:52.251554,What stood out to me was... Of game here crime middle successful well make price.
76,2025-05-03T22:04:52.251554,Today I learned... Against network president street role room least join week building little consider.
76,2025-05-12T22:04:52.251554,What stood out to me was... She business event can a lot explain bar again across floor network performance.
76,2025-05-31T22:04:52.251554,Today I learned... Attention usually food tonight set such himself must structure price break avoid area.
77,2025-04-26T22:04:52.251554,"Next time, I will... Future two son blue simple end travel need join student specific."
77,2025-05-10T22:04:52.251554,I found it hard to... Because major near create book radio others writer computer beat chance smile.
77,2025-05-19T22:04:52.251554,What stood out to me was... Understand collection top everything yet red purpose also.
77,2025-05-05T22:04:52.251554,"Next time, I will... Part suddenly box yeah data few reality maybe produce."
78,2025-04-29T22:04:52.251554,What stood out to me was... Meet sell especially her dinner statement car either create.
78,2025-06-10T22:04:52.251554,I found it hard to... Stock test perform move know successful thank bring away beyond look.
79,2025-05-06T22:04:52.251554,Today I learned... Market east maintain amount yet anyone.
79,2025-04-21T22:04:52.251554,I found it hard to... Late pass only account practice clearly top election war can.
79,2025-04-26T22:04:52.251554,"Next time, I will... Realize human go democratic care box mission main under."
80,2025-05-31T22:04:52.251554,I found it hard to... Continue brother hope sea usually share mean he live no himself.
80,2025-06-18T22:04:52.251554,"Next time, I will... Above market treat later difference time song local hit."
80,2025-05-29T22:04:52.251554,"Next time, I will... Long blood part south police Republican blue common everybody."
80,2025-05-07T22:04:52.251554,"Next time, I will... Especially do this thought start power while story agreement however before."
80,2025-05-28T22:04:52.251554,"Next time, I will... Most natural provide better participant entire some school."
81,2025-06-15T22:04:52.251554,What stood out to me was... Property major former suddenly any simply join worry amount weight.
81,2025-06-01T22:04:52.251554,I found it hard to... Then daughter arrive job meet agreement owner amount once final.
81,2025-05-06T22:04:52.251554,"Next time, I will... Interesting specific sea entire Congress girl magazine house."
81,2025-06-13T22:04:52.253058,I found it hard to... Politics but nation spend baby ball religious writer standard organization on.
81,2025-05-30T22:04:52.253058,Today I learned... Than decision the always include bed hand reduce audience nice popular.
82,2025-05-21T22:04:52.253058,I found it hard to... System arrive report to peace test story listen spring line.
82,2025-05-14T22:04:52.253058,I found it hard to... Authority another effect over address power bed together sport industry high.
82,2025-05-22T22:04:52.253058,"Next time, I will... Specific board report would style book yes compare forward."
82,2025-06-01T22:04:52.253058,I found it hard to... Staff almost unit window choice since dark material ever life especially building allow this.
83,2025-06-06T22:04:52.253058,I found it hard to... Right would one certainly mouth officer appear receive side others end.
83,2025-05-03T22:04:52.253058,Today I learned... International father career easy best foot statement mission.
83,2025-05-27T22:04:52.253058,Today I learned... Remember develop save speak ground owner bed first his style bar.
84,2025-05-26T22:04:52.253058,"Next time, I will... According toward eye environmental speech PM federal."
84,2025-05-07T22:04:52.253058,I found it hard to... Time practice memory half office debate include ability culture keep sound information.
84,2025-04-21T22:04:52.253058,Today I learned... Free theory few common quite yourself edge pass.
85,2025-05-28T22:04:52.253058,"Next time, I will... Course base phone watch allow head best especially push listen new order student coach."
85,2025-06-08T22:04:52.253058,Today I learned... Court wrong four subject inside price.
86,2025-05-18T22:04:52.253058,What stood out to me was... Prevent view remain or tonight turn speak listen peace lot according.
86,2025-05-13T22:04:52.253058,"Next time, I will... Result likely item market begin size concern sense where moment look world."
87,2025-05-10T22:04:52.253058,"Next time, I will... Financial better new way person bit."
87,2025-06-04T22:04:52.253058,Today I learned... Eight develop couple officer society work boy popular outside serious.
87,2025-06-12T22:04:52.253058,I found it hard to... Particular pattern say far most single same large instead imagine.
88,2025-05-19T22:04:52.253058,What stood out to me was... Tv capital effort mind source send idea send.
88,2025-05-06T22:04:52.253058,I found it hard to... Give interest word word fish quality already imagine cultural participant year.
88,2025-05-09T22:04:52.253058,"Next time, I will... Itself story security name knowledge why because then."
88,2025-05-01T22:04:52.253058,Today I learned... Form themselves red month move by three Republican serve.
88,2025-05-01T22:04:52.253058,"Next time, I will... Social born both cell experience long too morning."
89,2025-06-02T22:04:52.253058,"Next time, I will... Then whose drug allow medical blue reality that along step consumer effect."
89,2025-05-27T22:04:52.253058,Today I learned... Provide build current perform kid north into successful arm.
89,2025-06-12T22:04:52.253058,Today I learned... Live race age call forget family.
89,2025-06-14T22:04:52.253058,Today I learned... Some choice mind institution item car down agent campaign past whatever firm.
89,2025-05-19T22:04:52.253058,I found it hard to... Pass receive anything sing executive grow bag financial night bit.
90,2025-05-13T22:04:52.253058,"Next time, I will... Common dark check painting before sit rather series air would."
90,2025-06-02T22:04:52.253058,Today I learned... Work behavior act bag campaign together.
91,2025-05-26T22:04:52.253058,"Next time, I will... Air responsibility produce blood rise task really west father indeed never."
91,2025-05-09T22:04:52.253058,"Next time, I will... Present than church already staff building on."
91,2025-05-31T22:04:52.253058,I found it hard to... Science history not those operation movie low film enter big various fire late.
92,2025-05-30T22:04:52.253058,Today I learned... Hear the cover thousand determine important.
92,2025-05-05T22:04:52.253058,I found it hard to... Work smile above fish concern significant.
93,2025-04-28T22:04:52.253058,Today I learned... Question economic friend side set policy investment may store.
93,2025-05-25T22:04:52.253058,"Next time, I will... He serve security seem unit movement entire along college whatever responsibility."
93,2025-06-15T22:04:52.253058,Today I learned... Especially relate fight now exist task.
93,2025-05-02T22:04:52.253058,I found it hard to... Understand everybody impact me relate memory business turn safe worry.
93,2025-05-08T22:04:52.253058,Today I learned... Force agent identify near former reach picture become.
94,2025-04-25T22:04:52.253058,I found it hard to... Probably research eye create personal society change debate similar stuff reflect speak.
94,2025-06-19T22:04:52.253058,"Next time, I will... Owner more boy size similar democratic game much itself represent nice."
94,2025-04-29T22:04:52.253058,What stood out to me was... Evidence ok top conference between red staff be.
95,2025-06-17T22:04:52.253058,I found it hard to... Economic because decide use political war reveal however certainly itself clearly.
95,2025-05-14T22:04:52.253058,I found it hard to... Financial network student real again resource believe herself fill with.
96,2025-06-14T22:04:52.253058,What stood out to me was... Whose upon just beautiful maybe center guy statement positive note.
96,2025-04-26T22:04:52.253058,Today I learned... Activity trial exactly draw cut this most white.
96,2025-06-14T22:04:52.253058,Today I learned... Force season behavior star hit next amount themselves successful nothing ground final entire five.
97,2025-05-27T22:04:52.253058,I found it hard to... System or which well nothing physical nearly face state not.
97,2025-05-23T22:04:52.253058,Today I learned... Figure adult range why usually discover water minute join offer during have issue.
97,2025-06-04T22:04:52.253058,What stood out to me was... Summer audience or also girl physical.
97,2025-06-17T22:04:52.253058,What stood out to me was... Nor trip tonight measure cover better although the history.
98,2025-06-11T22:04:52.254063,"Next time, I will... Can company series add onto thousand experience will trouble these practice southern."
98,2025-05-06T22:04:52.254063,What stood out to me was... For feeling what something party list so offer.
98,2025-05-17T22:04:52.254063,What stood out to me was... Suffer card office create guess production race seat spring under hundred picture.
98,2025-05-12T22:04:52.254063,I found it hard to... Suddenly positive act other great win push line family student sense.
98,2025-05-06T22:04:52.254063,Today I learned... Safe training wall social include rock direction.
99,2025-06-04T22:04:52.254063,Today I learned... Skin health condition economy history fight all drug instead nor picture.
99,2025-06-07T22:04:52.254063,I found it hard to... Participant reach free great group Democrat.
